video_id,label,split,attack_type,support_type,environment,dataset_name,score,client_id
devel__attack__fixed__attack_highdef_client003_session01_highdef_photo_adverse,1,devel,photo,fixed,adverse,replay-attack,0.999880276620388,client003
devel__attack__fixed__attack_highdef_client003_session01_highdef_photo_controlled,1,devel,photo,fixed,controlled,replay-attack,0.9959927685558796,client003
devel__attack__fixed__attack_highdef_client003_session01_highdef_video_adverse,1,devel,video,fixed,adverse,replay-attack,0.9992693737149239,client003
devel__attack__fixed__attack_highdef_client003_session01_highdef_video_controlled,1,devel,video,fixed,controlled,replay-attack,0.9986946694552898,client003
devel__attack__fixed__attack_highdef_client005_session01_highdef_photo_adverse,1,devel,photo,fixed,adverse,replay-attack,0.9998580738902092,client005
devel__attack__fixed__attack_highdef_client005_session01_highdef_photo_controlled,1,devel,photo,fixed,controlled,replay-attack,0.9998384416103363,client005
devel__attack__fixed__attack_highdef_client005_session01_highdef_video_adverse,1,devel,video,fixed,adverse,replay-attack,0.9996542297303677,client005
devel__attack__fixed__attack_highdef_client005_session01_highdef_video_controlled,1,devel,video,fixed,controlled,replay-attack,0.999859843403101,client005
devel__attack__fixed__attack_highdef_client010_session01_highdef_photo_adverse,1,devel,photo,fixed,adverse,replay-attack,0.9998060166835785,client010
devel__attack__fixed__attack_highdef_client010_session01_highdef_photo_controlled,1,devel,photo,fixed,controlled,replay-attack,0.9991750121116638,client010
devel__attack__fixed__attack_highdef_client010_session01_highdef_video_adverse,1,devel,video,fixed,adverse,replay-attack,0.9824959561228752,client010
devel__attack__fixed__attack_highdef_client010_session01_highdef_video_controlled,1,devel,video,fixed,controlled,replay-attack,0.9998785331845284,client010
devel__attack__fixed__attack_highdef_client015_session01_highdef_photo_adverse,1,devel,photo,fixed,adverse,replay-attack,0.9996767342090607,client015
devel__attack__fixed__attack_highdef_client015_session01_highdef_photo_controlled,1,devel,photo,fixed,controlled,replay-attack,0.9995921477675438,client015
devel__attack__fixed__attack_highdef_client015_session01_highdef_video_adverse,1,devel,video,fixed,adverse,replay-attack,0.9997703097760677,client015
devel__attack__fixed__attack_highdef_client015_session01_highdef_video_controlled,1,devel,video,fixed,controlled,replay-attack,0.9988320395350456,client015
devel__attack__fixed__attack_highdef_client017_session01_highdef_photo_adverse,1,devel,photo,fixed,adverse,replay-attack,0.9995441287755966,client017
devel__attack__fixed__attack_highdef_client017_session01_highdef_photo_controlled,1,devel,photo,fixed,controlled,replay-attack,0.9995911940932274,client017
devel__attack__fixed__attack_highdef_client017_session01_highdef_video_adverse,1,devel,video,fixed,adverse,replay-attack,0.9992916584014893,client017
devel__attack__fixed__attack_highdef_client017_session01_highdef_video_controlled,1,devel,video,fixed,controlled,replay-attack,0.9993655793368816,client017
devel__attack__fixed__attack_highdef_client022_session01_highdef_photo_adverse,1,devel,photo,fixed,adverse,replay-attack,0.999773345887661,client022
devel__attack__fixed__attack_highdef_client022_session01_highdef_photo_controlled,1,devel,photo,fixed,controlled,replay-attack,0.9992544464766979,client022
devel__attack__fixed__attack_highdef_client022_session01_highdef_video_adverse,1,devel,video,fixed,adverse,replay-attack,0.9975014925003052,client022
devel__attack__fixed__attack_highdef_client022_session01_highdef_video_controlled,1,devel,video,fixed,controlled,replay-attack,0.9995737262070179,client022
devel__attack__fixed__attack_highdef_client029_session01_highdef_photo_adverse,1,devel,photo,fixed,adverse,replay-attack,0.9994254559278488,client029
devel__attack__fixed__attack_highdef_client029_session01_highdef_photo_controlled,1,devel,photo,fixed,controlled,replay-attack,0.9996612370014191,client029
devel__attack__fixed__attack_highdef_client029_session01_highdef_video_adverse,1,devel,video,fixed,adverse,replay-attack,0.9997898414731026,client029
devel__attack__fixed__attack_highdef_client029_session01_highdef_video_controlled,1,devel,video,fixed,controlled,replay-attack,0.9995768815279007,client029
devel__attack__fixed__attack_highdef_client030_session01_highdef_photo_adverse,1,devel,photo,fixed,adverse,replay-attack,0.9998891428112984,client030
devel__attack__fixed__attack_highdef_client030_session01_highdef_photo_controlled,1,devel,photo,fixed,controlled,replay-attack,0.9997701793909073,client030
devel__attack__fixed__attack_highdef_client030_session01_highdef_video_adverse,1,devel,video,fixed,adverse,replay-attack,0.9995730035007,client030
devel__attack__fixed__attack_highdef_client030_session01_highdef_video_controlled,1,devel,video,fixed,controlled,replay-attack,0.9998138099908829,client030
devel__attack__fixed__attack_highdef_client101_session01_highdef_photo_adverse,1,devel,photo,fixed,adverse,replay-attack,0.9995907098054886,client101
devel__attack__fixed__attack_highdef_client101_session01_highdef_photo_controlled,1,devel,photo,fixed,controlled,replay-attack,0.9990575462579727,client101
devel__attack__fixed__attack_highdef_client101_session01_highdef_video_adverse,1,devel,video,fixed,adverse,replay-attack,0.9998332932591438,client101
devel__attack__fixed__attack_highdef_client101_session01_highdef_video_controlled,1,devel,video,fixed,controlled,replay-attack,0.9996799416840076,client101
devel__attack__fixed__attack_highdef_client111_session01_highdef_photo_adverse,1,devel,photo,fixed,adverse,replay-attack,0.9998183026909828,client111
devel__attack__fixed__attack_highdef_client111_session01_highdef_photo_controlled,1,devel,photo,fixed,controlled,replay-attack,0.9996802397072315,client111
devel__attack__fixed__attack_highdef_client111_session01_highdef_video_adverse,1,devel,video,fixed,adverse,replay-attack,0.9998654574155807,client111
devel__attack__fixed__attack_highdef_client111_session01_highdef_video_controlled,1,devel,video,fixed,controlled,replay-attack,0.9998379163444042,client111
devel__attack__fixed__attack_highdef_client113_session01_highdef_photo_adverse,1,devel,photo,fixed,adverse,replay-attack,0.9998067170381546,client113
devel__attack__fixed__attack_highdef_client113_session01_highdef_photo_controlled,1,devel,photo,fixed,controlled,replay-attack,0.9996094740927219,client113
devel__attack__fixed__attack_highdef_client113_session01_highdef_video_adverse,1,devel,video,fixed,adverse,replay-attack,0.9998601153492928,client113
devel__attack__fixed__attack_highdef_client113_session01_highdef_video_controlled,1,devel,video,fixed,controlled,replay-attack,0.9995423145592213,client113
devel__attack__fixed__attack_highdef_client114_session01_highdef_photo_adverse,1,devel,photo,fixed,adverse,replay-attack,0.999863289296627,client114
devel__attack__fixed__attack_highdef_client114_session01_highdef_photo_controlled,1,devel,photo,fixed,controlled,replay-attack,0.9995465874671936,client114
devel__attack__fixed__attack_highdef_client114_session01_highdef_video_adverse,1,devel,video,fixed,adverse,replay-attack,0.9997740462422371,client114
devel__attack__fixed__attack_highdef_client114_session01_highdef_video_controlled,1,devel,video,fixed,controlled,replay-attack,0.999674241989851,client114
devel__attack__fixed__attack_highdef_client116_session01_highdef_photo_adverse,1,devel,photo,fixed,adverse,replay-attack,0.9996427781879902,client116
devel__attack__fixed__attack_highdef_client116_session01_highdef_photo_controlled,1,devel,photo,fixed,controlled,replay-attack,0.9998426623642445,client116
devel__attack__fixed__attack_highdef_client116_session01_highdef_video_adverse,1,devel,video,fixed,adverse,replay-attack,0.9991815462708473,client116
devel__attack__fixed__attack_highdef_client116_session01_highdef_video_controlled,1,devel,video,fixed,controlled,replay-attack,0.9996680580079556,client116
devel__attack__fixed__attack_highdef_client118_session01_highdef_photo_adverse,1,devel,photo,fixed,adverse,replay-attack,0.9999032691121101,client118
devel__attack__fixed__attack_highdef_client118_session01_highdef_photo_controlled,1,devel,photo,fixed,controlled,replay-attack,0.9998630508780479,client118
devel__attack__fixed__attack_highdef_client118_session01_highdef_video_adverse,1,devel,video,fixed,adverse,replay-attack,0.9998553469777107,client118
devel__attack__fixed__attack_highdef_client118_session01_highdef_video_controlled,1,devel,video,fixed,controlled,replay-attack,0.9995006620883942,client118
devel__attack__fixed__attack_highdef_client119_session01_highdef_photo_adverse,1,devel,photo,fixed,adverse,replay-attack,0.999856598675251,client119
devel__attack__fixed__attack_highdef_client119_session01_highdef_photo_controlled,1,devel,photo,fixed,controlled,replay-attack,0.9977239146828651,client119
devel__attack__fixed__attack_highdef_client119_session01_highdef_video_adverse,1,devel,video,fixed,adverse,replay-attack,0.9997807294130325,client119
devel__attack__fixed__attack_highdef_client119_session01_highdef_video_controlled,1,devel,video,fixed,controlled,replay-attack,0.9998180493712425,client119
devel__attack__fixed__attack_mobile_client003_session01_mobile_photo_adverse,1,devel,photo,fixed,adverse,replay-attack,0.9999183341860771,client003
devel__attack__fixed__attack_mobile_client003_session01_mobile_photo_controlled,1,devel,photo,fixed,controlled,replay-attack,0.9992602318525314,client003
devel__attack__fixed__attack_mobile_client003_session01_mobile_video_adverse,1,devel,video,fixed,adverse,replay-attack,0.9998989328742027,client003
devel__attack__fixed__attack_mobile_client003_session01_mobile_video_controlled,1,devel,video,fixed,controlled,replay-attack,0.9997412636876106,client003
devel__attack__fixed__attack_mobile_client005_session01_mobile_photo_adverse,1,devel,photo,fixed,adverse,replay-attack,0.9998942315578461,client005
devel__attack__fixed__attack_mobile_client005_session01_mobile_photo_controlled,1,devel,photo,fixed,controlled,replay-attack,0.9998114556074142,client005
devel__attack__fixed__attack_mobile_client005_session01_mobile_video_adverse,1,devel,video,fixed,adverse,replay-attack,0.9999009445309639,client005
devel__attack__fixed__attack_mobile_client005_session01_mobile_video_controlled,1,devel,video,fixed,controlled,replay-attack,0.9998592883348465,client005
devel__attack__fixed__attack_mobile_client010_session01_mobile_photo_adverse,1,devel,photo,fixed,adverse,replay-attack,0.9976610317826271,client010
devel__attack__fixed__attack_mobile_client010_session01_mobile_photo_controlled,1,devel,photo,fixed,controlled,replay-attack,0.9991011656820774,client010
devel__attack__fixed__attack_mobile_client010_session01_mobile_video_adverse,1,devel,video,fixed,adverse,replay-attack,0.999912440776825,client010
devel__attack__fixed__attack_mobile_client010_session01_mobile_video_controlled,1,devel,video,fixed,controlled,replay-attack,0.9998566433787346,client010
devel__attack__fixed__attack_mobile_client015_session01_mobile_photo_adverse,1,devel,photo,fixed,adverse,replay-attack,0.999166302382946,client015
devel__attack__fixed__attack_mobile_client015_session01_mobile_photo_controlled,1,devel,photo,fixed,controlled,replay-attack,0.9998332895338535,client015
devel__attack__fixed__attack_mobile_client015_session01_mobile_video_adverse,1,devel,video,fixed,adverse,replay-attack,0.9998584054410458,client015
devel__attack__fixed__attack_mobile_client015_session01_mobile_video_controlled,1,devel,video,fixed,controlled,replay-attack,0.9998948276042938,client015
devel__attack__fixed__attack_mobile_client017_session01_mobile_photo_adverse,1,devel,photo,fixed,adverse,replay-attack,0.9998601973056793,client017
devel__attack__fixed__attack_mobile_client017_session01_mobile_photo_controlled,1,devel,photo,fixed,controlled,replay-attack,0.9998646751046181,client017
devel__attack__fixed__attack_mobile_client017_session01_mobile_video_adverse,1,devel,video,fixed,adverse,replay-attack,0.9998782053589821,client017
devel__attack__fixed__attack_mobile_client017_session01_mobile_video_controlled,1,devel,video,fixed,controlled,replay-attack,0.9999004900455475,client017
devel__attack__fixed__attack_mobile_client022_session01_mobile_photo_adverse,1,devel,photo,fixed,adverse,replay-attack,0.9998075775802135,client022
devel__attack__fixed__attack_mobile_client022_session01_mobile_photo_controlled,1,devel,photo,fixed,controlled,replay-attack,0.9993949383497238,client022
devel__attack__fixed__attack_mobile_client022_session01_mobile_video_adverse,1,devel,video,fixed,adverse,replay-attack,0.9998424984514713,client022
devel__attack__fixed__attack_mobile_client022_session01_mobile_video_controlled,1,devel,video,fixed,controlled,replay-attack,0.9998995661735535,client022
devel__attack__fixed__attack_mobile_client029_session01_mobile_photo_adverse,1,devel,photo,fixed,adverse,replay-attack,0.9998572841286659,client029
devel__attack__fixed__attack_mobile_client029_session01_mobile_photo_controlled,1,devel,photo,fixed,controlled,replay-attack,0.9998923018574715,client029
devel__attack__fixed__attack_mobile_client029_session01_mobile_video_adverse,1,devel,video,fixed,adverse,replay-attack,0.9999245777726173,client029
devel__attack__fixed__attack_mobile_client029_session01_mobile_video_controlled,1,devel,video,fixed,controlled,replay-attack,0.9995224215090275,client029
devel__attack__fixed__attack_mobile_client030_session01_mobile_photo_adverse,1,devel,photo,fixed,adverse,replay-attack,0.999883808195591,client030
devel__attack__fixed__attack_mobile_client030_session01_mobile_photo_controlled,1,devel,photo,fixed,controlled,replay-attack,0.9999133720993996,client030
devel__attack__fixed__attack_mobile_client030_session01_mobile_video_adverse,1,devel,video,fixed,adverse,replay-attack,0.9999009445309639,client030
devel__attack__fixed__attack_mobile_client030_session01_mobile_video_controlled,1,devel,video,fixed,controlled,replay-attack,0.9999091923236847,client030
devel__attack__fixed__attack_mobile_client101_session01_mobile_photo_adverse,1,devel,photo,fixed,adverse,replay-attack,0.9998204074800014,client101
devel__attack__fixed__attack_mobile_client101_session01_mobile_photo_controlled,1,devel,photo,fixed,controlled,replay-attack,0.9995371215045452,client101
devel__attack__fixed__attack_mobile_client101_session01_mobile_video_adverse,1,devel,video,fixed,adverse,replay-attack,0.9998946711421013,client101
devel__attack__fixed__attack_mobile_client101_session01_mobile_video_controlled,1,devel,video,fixed,controlled,replay-attack,0.999873623251915,client101
devel__attack__fixed__attack_mobile_client111_session01_mobile_photo_adverse,1,devel,photo,fixed,adverse,replay-attack,0.9996837563812733,client111
devel__attack__fixed__attack_mobile_client111_session01_mobile_photo_controlled,1,devel,photo,fixed,controlled,replay-attack,0.9997710585594177,client111
devel__attack__fixed__attack_mobile_client111_session01_mobile_video_adverse,1,devel,video,fixed,adverse,replay-attack,0.9997322969138622,client111
devel__attack__fixed__attack_mobile_client111_session01_mobile_video_controlled,1,devel,video,fixed,controlled,replay-attack,0.999852865934372,client111
devel__attack__fixed__attack_mobile_client113_session01_mobile_photo_adverse,1,devel,photo,fixed,adverse,replay-attack,0.9996974058449268,client113
devel__attack__fixed__attack_mobile_client113_session01_mobile_photo_controlled,1,devel,photo,fixed,controlled,replay-attack,0.9990470260381699,client113
devel__attack__fixed__attack_mobile_client113_session01_mobile_video_adverse,1,devel,video,fixed,adverse,replay-attack,0.9998539499938488,client113
devel__attack__fixed__attack_mobile_client113_session01_mobile_video_controlled,1,devel,video,fixed,controlled,replay-attack,0.9996084868907928,client113
devel__attack__fixed__attack_mobile_client114_session01_mobile_photo_adverse,1,devel,photo,fixed,adverse,replay-attack,0.999823521822691,client114
devel__attack__fixed__attack_mobile_client114_session01_mobile_photo_controlled,1,devel,photo,fixed,controlled,replay-attack,0.9986445680260658,client114
devel__attack__fixed__attack_mobile_client114_session01_mobile_video_adverse,1,devel,video,fixed,adverse,replay-attack,0.9997778907418251,client114
devel__attack__fixed__attack_mobile_client114_session01_mobile_video_controlled,1,devel,video,fixed,controlled,replay-attack,0.9995105899870396,client114
devel__attack__fixed__attack_mobile_client116_session01_mobile_photo_adverse,1,devel,photo,fixed,adverse,replay-attack,0.9997545629739761,client116
devel__attack__fixed__attack_mobile_client116_session01_mobile_photo_controlled,1,devel,photo,fixed,controlled,replay-attack,0.9998507127165794,client116
devel__attack__fixed__attack_mobile_client116_session01_mobile_video_adverse,1,devel,video,fixed,adverse,replay-attack,0.999663021415472,client116
devel__attack__fixed__attack_mobile_client116_session01_mobile_video_controlled,1,devel,video,fixed,controlled,replay-attack,0.9996986277401447,client116
devel__attack__fixed__attack_mobile_client118_session01_mobile_photo_adverse,1,devel,photo,fixed,adverse,replay-attack,0.9995779655873775,client118
devel__attack__fixed__attack_mobile_client118_session01_mobile_photo_controlled,1,devel,photo,fixed,controlled,replay-attack,0.9998479336500168,client118
devel__attack__fixed__attack_mobile_client118_session01_mobile_video_adverse,1,devel,video,fixed,adverse,replay-attack,0.9997645653784275,client118
devel__attack__fixed__attack_mobile_client118_session01_mobile_video_controlled,1,devel,video,fixed,controlled,replay-attack,0.9997739903628826,client118
devel__attack__fixed__attack_mobile_client119_session01_mobile_photo_adverse,1,devel,photo,fixed,adverse,replay-attack,0.9998922348022461,client119
devel__attack__fixed__attack_mobile_client119_session01_mobile_photo_controlled,1,devel,photo,fixed,controlled,replay-attack,0.9997543618083,client119
devel__attack__fixed__attack_mobile_client119_session01_mobile_video_adverse,1,devel,video,fixed,adverse,replay-attack,0.9997208975255489,client119
devel__attack__fixed__attack_mobile_client119_session01_mobile_video_controlled,1,devel,video,fixed,controlled,replay-attack,0.9993071518838406,client119
devel__attack__fixed__attack_print_client003_session01_highdef_photo_adverse,1,devel,photo,fixed,adverse,replay-attack,0.9998505562543869,client003
devel__attack__fixed__attack_print_client003_session01_highdef_photo_controlled,1,devel,photo,fixed,controlled,replay-attack,0.9996439553797245,client003
devel__attack__fixed__attack_print_client005_session01_highdef_photo_adverse,1,devel,photo,fixed,adverse,replay-attack,0.9996935091912746,client005
devel__attack__fixed__attack_print_client005_session01_highdef_photo_controlled,1,devel,photo,fixed,controlled,replay-attack,0.9996494427323341,client005
devel__attack__fixed__attack_print_client010_session01_highdef_photo_adverse,1,devel,photo,fixed,adverse,replay-attack,0.9995088055729866,client010
devel__attack__fixed__attack_print_client010_session01_highdef_photo_controlled,1,devel,photo,fixed,controlled,replay-attack,0.9993031919002533,client010
devel__attack__fixed__attack_print_client015_session01_highdef_photo_adverse,1,devel,photo,fixed,adverse,replay-attack,0.9994136430323124,client015
devel__attack__fixed__attack_print_client015_session01_highdef_photo_controlled,1,devel,photo,fixed,controlled,replay-attack,0.9945328794419765,client015
devel__attack__fixed__attack_print_client017_session01_highdef_photo_adverse,1,devel,photo,fixed,adverse,replay-attack,0.9998151026666164,client017
devel__attack__fixed__attack_print_client017_session01_highdef_photo_controlled,1,devel,photo,fixed,controlled,replay-attack,0.9998914152383804,client017
devel__attack__fixed__attack_print_client022_session01_highdef_photo_adverse,1,devel,photo,fixed,adverse,replay-attack,0.9999109581112862,client022
devel__attack__fixed__attack_print_client022_session01_highdef_photo_controlled,1,devel,photo,fixed,controlled,replay-attack,0.9999041482806206,client022
devel__attack__fixed__attack_print_client029_session01_highdef_photo_adverse,1,devel,photo,fixed,adverse,replay-attack,0.9997835382819176,client029
devel__attack__fixed__attack_print_client029_session01_highdef_photo_controlled,1,devel,photo,fixed,controlled,replay-attack,0.9998407922685146,client029
devel__attack__fixed__attack_print_client030_session01_highdef_photo_adverse,1,devel,photo,fixed,adverse,replay-attack,0.9989281594753265,client030
devel__attack__fixed__attack_print_client030_session01_highdef_photo_controlled,1,devel,photo,fixed,controlled,replay-attack,0.9997768476605415,client030
devel__attack__fixed__attack_print_client101_session01_highdef_photo_adverse,1,devel,photo,fixed,adverse,replay-attack,0.9985467493534088,client101
devel__attack__fixed__attack_print_client101_session01_highdef_photo_controlled,1,devel,photo,fixed,controlled,replay-attack,0.9998087249696255,client101
devel__attack__fixed__attack_print_client111_session01_highdef_photo_adverse,1,devel,photo,fixed,adverse,replay-attack,0.9995160810649395,client111
devel__attack__fixed__attack_print_client111_session01_highdef_photo_controlled,1,devel,photo,fixed,controlled,replay-attack,0.9997797757387161,client111
devel__attack__fixed__attack_print_client113_session01_highdef_photo_adverse,1,devel,photo,fixed,adverse,replay-attack,0.9991824217140675,client113
devel__attack__fixed__attack_print_client113_session01_highdef_photo_controlled,1,devel,photo,fixed,controlled,replay-attack,0.9996380023658276,client113
devel__attack__fixed__attack_print_client114_session01_highdef_photo_adverse,1,devel,photo,fixed,adverse,replay-attack,0.999701801687479,client114
devel__attack__fixed__attack_print_client114_session01_highdef_photo_controlled,1,devel,photo,fixed,controlled,replay-attack,0.999899759888649,client114
devel__attack__fixed__attack_print_client116_session01_highdef_photo_adverse,1,devel,photo,fixed,adverse,replay-attack,0.9896543323993683,client116
devel__attack__fixed__attack_print_client116_session01_highdef_photo_controlled,1,devel,photo,fixed,controlled,replay-attack,0.9998149313032627,client116
devel__attack__fixed__attack_print_client118_session01_highdef_photo_adverse,1,devel,photo,fixed,adverse,replay-attack,0.9996604435145855,client118
devel__attack__fixed__attack_print_client118_session01_highdef_photo_controlled,1,devel,photo,fixed,controlled,replay-attack,0.9998039901256561,client118
devel__attack__fixed__attack_print_client119_session01_highdef_photo_adverse,1,devel,photo,fixed,adverse,replay-attack,0.9989758618175983,client119
devel__attack__fixed__attack_print_client119_session01_highdef_photo_controlled,1,devel,photo,fixed,controlled,replay-attack,0.9998291954398155,client119
devel__attack__hand__attack_highdef_client003_session01_highdef_photo_adverse,1,devel,photo,hand,adverse,replay-attack,0.999900110065937,client003
devel__attack__hand__attack_highdef_client003_session01_highdef_photo_controlled,1,devel,photo,hand,controlled,replay-attack,0.9993183799088001,client003
devel__attack__hand__attack_highdef_client003_session01_highdef_video_adverse,1,devel,video,hand,adverse,replay-attack,0.9996112696826458,client003
devel__attack__hand__attack_highdef_client003_session01_highdef_video_controlled,1,devel,video,hand,controlled,replay-attack,0.9998969063162804,client003
devel__attack__hand__attack_highdef_client005_session01_highdef_photo_adverse,1,devel,photo,hand,adverse,replay-attack,0.9997889474034309,client005
devel__attack__hand__attack_highdef_client005_session01_highdef_photo_controlled,1,devel,photo,hand,controlled,replay-attack,0.9998050667345524,client005
devel__attack__hand__attack_highdef_client005_session01_highdef_video_adverse,1,devel,video,hand,adverse,replay-attack,0.999253187328577,client005
devel__attack__hand__attack_highdef_client005_session01_highdef_video_controlled,1,devel,video,hand,controlled,replay-attack,0.9998922273516655,client005
devel__attack__hand__attack_highdef_client010_session01_highdef_photo_adverse,1,devel,photo,hand,adverse,replay-attack,0.9999071583151817,client010
devel__attack__hand__attack_highdef_client010_session01_highdef_photo_controlled,1,devel,photo,hand,controlled,replay-attack,0.9997911937534809,client010
devel__attack__hand__attack_highdef_client010_session01_highdef_video_adverse,1,devel,video,hand,adverse,replay-attack,0.9995862059295177,client010
devel__attack__hand__attack_highdef_client010_session01_highdef_video_controlled,1,devel,video,hand,controlled,replay-attack,0.999827902764082,client010
devel__attack__hand__attack_highdef_client015_session01_highdef_photo_adverse,1,devel,photo,hand,adverse,replay-attack,0.9895419105887413,client015
devel__attack__hand__attack_highdef_client015_session01_highdef_photo_controlled,1,devel,photo,hand,controlled,replay-attack,0.9995559751987457,client015
devel__attack__hand__attack_highdef_client015_session01_highdef_video_adverse,1,devel,video,hand,adverse,replay-attack,0.9997240528464317,client015
devel__attack__hand__attack_highdef_client015_session01_highdef_video_controlled,1,devel,video,hand,controlled,replay-attack,0.9998645670711994,client015
devel__attack__hand__attack_highdef_client017_session01_highdef_photo_adverse,1,devel,photo,hand,adverse,replay-attack,0.9995240792632103,client017
devel__attack__hand__attack_highdef_client017_session01_highdef_photo_controlled,1,devel,photo,hand,controlled,replay-attack,0.9997989870607853,client017
devel__attack__hand__attack_highdef_client017_session01_highdef_video_adverse,1,devel,video,hand,adverse,replay-attack,0.9962133429944515,client017
devel__attack__hand__attack_highdef_client017_session01_highdef_video_controlled,1,devel,video,hand,controlled,replay-attack,0.9992014653980732,client017
devel__attack__hand__attack_highdef_client022_session01_highdef_photo_adverse,1,devel,photo,hand,adverse,replay-attack,0.999658714979887,client022
devel__attack__hand__attack_highdef_client022_session01_highdef_photo_controlled,1,devel,photo,hand,controlled,replay-attack,0.9997061416506767,client022
devel__attack__hand__attack_highdef_client022_session01_highdef_video_adverse,1,devel,video,hand,adverse,replay-attack,0.9718882031738758,client022
devel__attack__hand__attack_highdef_client022_session01_highdef_video_controlled,1,devel,video,hand,controlled,replay-attack,0.9994468502700329,client022
devel__attack__hand__attack_highdef_client029_session01_highdef_photo_adverse,1,devel,photo,hand,adverse,replay-attack,0.998763095587492,client029
devel__attack__hand__attack_highdef_client029_session01_highdef_photo_controlled,1,devel,photo,hand,controlled,replay-attack,0.9994426369667053,client029
devel__attack__hand__attack_highdef_client029_session01_highdef_video_adverse,1,devel,video,hand,adverse,replay-attack,0.999262847006321,client029
devel__attack__hand__attack_highdef_client029_session01_highdef_video_controlled,1,devel,video,hand,controlled,replay-attack,0.9993442595005035,client029
devel__attack__hand__attack_highdef_client030_session01_highdef_photo_adverse,1,devel,photo,hand,adverse,replay-attack,0.9997840411961079,client030
devel__attack__hand__attack_highdef_client030_session01_highdef_photo_controlled,1,devel,photo,hand,controlled,replay-attack,0.9995674304664135,client030
devel__attack__hand__attack_highdef_client030_session01_highdef_video_adverse,1,devel,video,hand,adverse,replay-attack,0.999595757573843,client030
devel__attack__hand__attack_highdef_client030_session01_highdef_video_controlled,1,devel,video,hand,controlled,replay-attack,0.9995855391025543,client030
devel__attack__hand__attack_highdef_client101_session01_highdef_photo_adverse,1,devel,photo,hand,adverse,replay-attack,0.999865461140871,client101
devel__attack__hand__attack_highdef_client101_session01_highdef_photo_controlled,1,devel,photo,hand,controlled,replay-attack,0.9998221173882484,client101
devel__attack__hand__attack_highdef_client101_session01_highdef_video_adverse,1,devel,video,hand,adverse,replay-attack,0.9995650872588158,client101
devel__attack__hand__attack_highdef_client101_session01_highdef_video_controlled,1,devel,video,hand,controlled,replay-attack,0.9995334297418594,client101
devel__attack__hand__attack_highdef_client111_session01_highdef_photo_adverse,1,devel,photo,hand,adverse,replay-attack,0.9997299127280712,client111
devel__attack__hand__attack_highdef_client111_session01_highdef_photo_controlled,1,devel,photo,hand,controlled,replay-attack,0.9996300600469112,client111
devel__attack__hand__attack_highdef_client111_session01_highdef_video_adverse,1,devel,video,hand,adverse,replay-attack,0.993687629699707,client111
devel__attack__hand__attack_highdef_client111_session01_highdef_video_controlled,1,devel,video,hand,controlled,replay-attack,0.9997473321855068,client111
devel__attack__hand__attack_highdef_client113_session01_highdef_photo_adverse,1,devel,photo,hand,adverse,replay-attack,0.9994188658893108,client113
devel__attack__hand__attack_highdef_client113_session01_highdef_photo_controlled,1,devel,photo,hand,controlled,replay-attack,0.999590028077364,client113
devel__attack__hand__attack_highdef_client113_session01_highdef_video_adverse,1,devel,video,hand,adverse,replay-attack,0.9975695684552193,client113
devel__attack__hand__attack_highdef_client113_session01_highdef_video_controlled,1,devel,video,hand,controlled,replay-attack,0.9998909085988998,client113
devel__attack__hand__attack_highdef_client114_session01_highdef_photo_adverse,1,devel,photo,hand,adverse,replay-attack,0.9998731277883053,client114
devel__attack__hand__attack_highdef_client114_session01_highdef_photo_controlled,1,devel,photo,hand,controlled,replay-attack,0.9994093701243401,client114
devel__attack__hand__attack_highdef_client114_session01_highdef_video_adverse,1,devel,video,hand,adverse,replay-attack,0.9977970011532307,client114
devel__attack__hand__attack_highdef_client114_session01_highdef_video_controlled,1,devel,video,hand,controlled,replay-attack,0.9997695945203304,client114
devel__attack__hand__attack_highdef_client116_session01_highdef_photo_adverse,1,devel,photo,hand,adverse,replay-attack,0.9994138516485691,client116
devel__attack__hand__attack_highdef_client116_session01_highdef_photo_controlled,1,devel,photo,hand,controlled,replay-attack,0.9997601322829723,client116
devel__attack__hand__attack_highdef_client116_session01_highdef_video_adverse,1,devel,video,hand,adverse,replay-attack,0.9954695254564285,client116
devel__attack__hand__attack_highdef_client116_session01_highdef_video_controlled,1,devel,video,hand,controlled,replay-attack,0.9993831217288971,client116
devel__attack__hand__attack_highdef_client118_session01_highdef_photo_adverse,1,devel,photo,hand,adverse,replay-attack,0.9998875968158245,client118
devel__attack__hand__attack_highdef_client118_session01_highdef_photo_controlled,1,devel,photo,hand,controlled,replay-attack,0.9994509518146515,client118
devel__attack__hand__attack_highdef_client118_session01_highdef_video_adverse,1,devel,video,hand,adverse,replay-attack,0.999339796602726,client118
devel__attack__hand__attack_highdef_client118_session01_highdef_video_controlled,1,devel,video,hand,controlled,replay-attack,0.9999209865927696,client118
devel__attack__hand__attack_highdef_client119_session01_highdef_photo_adverse,1,devel,photo,hand,adverse,replay-attack,0.9997683800756931,client119
devel__attack__hand__attack_highdef_client119_session01_highdef_photo_controlled,1,devel,photo,hand,controlled,replay-attack,0.9998678751289845,client119
devel__attack__hand__attack_highdef_client119_session01_highdef_video_adverse,1,devel,video,hand,adverse,replay-attack,0.9996737465262413,client119
devel__attack__hand__attack_highdef_client119_session01_highdef_video_controlled,1,devel,video,hand,controlled,replay-attack,0.9999482110142708,client119
devel__attack__hand__attack_mobile_client003_session01_mobile_photo_adverse,1,devel,photo,hand,adverse,replay-attack,0.9998852908611298,client003
devel__attack__hand__attack_mobile_client003_session01_mobile_photo_controlled,1,devel,photo,hand,controlled,replay-attack,0.9998090155422688,client003
devel__attack__hand__attack_mobile_client003_session01_mobile_video_adverse,1,devel,video,hand,adverse,replay-attack,0.9996669813990593,client003
devel__attack__hand__attack_mobile_client003_session01_mobile_video_controlled,1,devel,video,hand,controlled,replay-attack,0.9997764341533184,client003
devel__attack__hand__attack_mobile_client005_session01_mobile_photo_adverse,1,devel,photo,hand,adverse,replay-attack,0.9997140616178513,client005
devel__attack__hand__attack_mobile_client005_session01_mobile_photo_controlled,1,devel,photo,hand,controlled,replay-attack,0.9997779987752438,client005
devel__attack__hand__attack_mobile_client005_session01_mobile_video_adverse,1,devel,video,hand,adverse,replay-attack,0.999646183103323,client005
devel__attack__hand__attack_mobile_client005_session01_mobile_video_controlled,1,devel,video,hand,controlled,replay-attack,0.9997738897800446,client005
devel__attack__hand__attack_mobile_client010_session01_mobile_photo_adverse,1,devel,photo,hand,adverse,replay-attack,0.999066136777401,client010
devel__attack__hand__attack_mobile_client010_session01_mobile_photo_controlled,1,devel,photo,hand,controlled,replay-attack,0.9949781149625778,client010
devel__attack__hand__attack_mobile_client010_session01_mobile_video_adverse,1,devel,video,hand,adverse,replay-attack,0.9996895641088486,client010
devel__attack__hand__attack_mobile_client010_session01_mobile_video_controlled,1,devel,video,hand,controlled,replay-attack,0.9998823069036007,client010
devel__attack__hand__attack_mobile_client015_session01_mobile_photo_adverse,1,devel,photo,hand,adverse,replay-attack,0.994527131319046,client015
devel__attack__hand__attack_mobile_client015_session01_mobile_photo_controlled,1,devel,photo,hand,controlled,replay-attack,0.8017489146441221,client015
devel__attack__hand__attack_mobile_client015_session01_mobile_video_adverse,1,devel,video,hand,adverse,replay-attack,0.9980900473892689,client015
devel__attack__hand__attack_mobile_client015_session01_mobile_video_controlled,1,devel,video,hand,controlled,replay-attack,0.961587268859148,client015
devel__attack__hand__attack_mobile_client017_session01_mobile_photo_adverse,1,devel,photo,hand,adverse,replay-attack,0.9952981993556023,client017
devel__attack__hand__attack_mobile_client017_session01_mobile_photo_controlled,1,devel,photo,hand,controlled,replay-attack,0.999522116035223,client017
devel__attack__hand__attack_mobile_client017_session01_mobile_video_adverse,1,devel,video,hand,adverse,replay-attack,0.9967710748314857,client017
devel__attack__hand__attack_mobile_client017_session01_mobile_video_controlled,1,devel,video,hand,controlled,replay-attack,0.9996542446315289,client017
devel__attack__hand__attack_mobile_client022_session01_mobile_photo_adverse,1,devel,photo,hand,adverse,replay-attack,0.9996754191815853,client022
devel__attack__hand__attack_mobile_client022_session01_mobile_photo_controlled,1,devel,photo,hand,controlled,replay-attack,0.9996288903057575,client022
devel__attack__hand__attack_mobile_client022_session01_mobile_video_adverse,1,devel,video,hand,adverse,replay-attack,0.9859535247087479,client022
devel__attack__hand__attack_mobile_client022_session01_mobile_video_controlled,1,devel,video,hand,controlled,replay-attack,0.9995979368686676,client022
devel__attack__hand__attack_mobile_client029_session01_mobile_photo_adverse,1,devel,photo,hand,adverse,replay-attack,0.9988343194127083,client029
devel__attack__hand__attack_mobile_client029_session01_mobile_photo_controlled,1,devel,photo,hand,controlled,replay-attack,0.9998569153249264,client029
devel__attack__hand__attack_mobile_client029_session01_mobile_video_adverse,1,devel,video,hand,adverse,replay-attack,0.9999163448810577,client029
devel__attack__hand__attack_mobile_client029_session01_mobile_video_controlled,1,devel,video,hand,controlled,replay-attack,0.9998671375215054,client029
devel__attack__hand__attack_mobile_client030_session01_mobile_photo_adverse,1,devel,photo,hand,adverse,replay-attack,0.9997171722352505,client030
devel__attack__hand__attack_mobile_client030_session01_mobile_photo_controlled,1,devel,photo,hand,controlled,replay-attack,0.999865286052227,client030
devel__attack__hand__attack_mobile_client030_session01_mobile_video_adverse,1,devel,video,hand,adverse,replay-attack,0.99826854839921,client030
devel__attack__hand__attack_mobile_client030_session01_mobile_video_controlled,1,devel,video,hand,controlled,replay-attack,0.9998389519751072,client030
devel__attack__hand__attack_mobile_client101_session01_mobile_photo_adverse,1,devel,photo,hand,adverse,replay-attack,0.999568160623312,client101
devel__attack__hand__attack_mobile_client101_session01_mobile_photo_controlled,1,devel,photo,hand,controlled,replay-attack,0.9998331032693386,client101
devel__attack__hand__attack_mobile_client101_session01_mobile_video_adverse,1,devel,video,hand,adverse,replay-attack,0.9827205613255501,client101
devel__attack__hand__attack_mobile_client101_session01_mobile_video_controlled,1,devel,video,hand,controlled,replay-attack,0.9997269250452518,client101
devel__attack__hand__attack_mobile_client111_session01_mobile_photo_adverse,1,devel,photo,hand,adverse,replay-attack,0.9992380738258362,client111
devel__attack__hand__attack_mobile_client111_session01_mobile_photo_controlled,1,devel,photo,hand,controlled,replay-attack,0.9998514428734779,client111
devel__attack__hand__attack_mobile_client111_session01_mobile_video_adverse,1,devel,video,hand,adverse,replay-attack,0.9995424225926399,client111
devel__attack__hand__attack_mobile_client111_session01_mobile_video_controlled,1,devel,video,hand,controlled,replay-attack,0.9997097589075565,client111
devel__attack__hand__attack_mobile_client113_session01_mobile_photo_adverse,1,devel,photo,hand,adverse,replay-attack,0.9997731447219849,client113
devel__attack__hand__attack_mobile_client113_session01_mobile_photo_controlled,1,devel,photo,hand,controlled,replay-attack,0.9998810365796089,client113
devel__attack__hand__attack_mobile_client113_session01_mobile_video_adverse,1,devel,video,hand,adverse,replay-attack,0.9998320080339909,client113
devel__attack__hand__attack_mobile_client113_session01_mobile_video_controlled,1,devel,video,hand,controlled,replay-attack,0.999889150261879,client113
devel__attack__hand__attack_mobile_client114_session01_mobile_photo_adverse,1,devel,photo,hand,adverse,replay-attack,0.998197365552187,client114
devel__attack__hand__attack_mobile_client114_session01_mobile_photo_controlled,1,devel,photo,hand,controlled,replay-attack,0.9996718764305115,client114
devel__attack__hand__attack_mobile_client114_session01_mobile_video_adverse,1,devel,video,hand,adverse,replay-attack,0.9998321421444416,client114
devel__attack__hand__attack_mobile_client114_session01_mobile_video_controlled,1,devel,video,hand,controlled,replay-attack,0.9998901411890984,client114
devel__attack__hand__attack_mobile_client116_session01_mobile_photo_adverse,1,devel,photo,hand,adverse,replay-attack,0.9996272139251232,client116
devel__attack__hand__attack_mobile_client116_session01_mobile_photo_controlled,1,devel,photo,hand,controlled,replay-attack,0.9999400600790977,client116
devel__attack__hand__attack_mobile_client116_session01_mobile_video_adverse,1,devel,video,hand,adverse,replay-attack,0.9996878542006016,client116
devel__attack__hand__attack_mobile_client116_session01_mobile_video_controlled,1,devel,video,hand,controlled,replay-attack,0.9998609609901905,client116
devel__attack__hand__attack_mobile_client118_session01_mobile_photo_adverse,1,devel,photo,hand,adverse,replay-attack,0.9994157999753952,client118
devel__attack__hand__attack_mobile_client118_session01_mobile_photo_controlled,1,devel,photo,hand,controlled,replay-attack,0.999833982437849,client118
devel__attack__hand__attack_mobile_client118_session01_mobile_video_adverse,1,devel,video,hand,adverse,replay-attack,0.9749807976186275,client118
devel__attack__hand__attack_mobile_client118_session01_mobile_video_controlled,1,devel,video,hand,controlled,replay-attack,0.9998600371181965,client118
devel__attack__hand__attack_mobile_client119_session01_mobile_photo_adverse,1,devel,photo,hand,adverse,replay-attack,0.9999439865350723,client119
devel__attack__hand__attack_mobile_client119_session01_mobile_photo_controlled,1,devel,photo,hand,controlled,replay-attack,0.999909333884716,client119
devel__attack__hand__attack_mobile_client119_session01_mobile_video_adverse,1,devel,video,hand,adverse,replay-attack,0.9992041811347008,client119
devel__attack__hand__attack_mobile_client119_session01_mobile_video_controlled,1,devel,video,hand,controlled,replay-attack,0.9999307170510292,client119
devel__attack__hand__attack_print_client003_session01_highdef_photo_adverse,1,devel,photo,hand,adverse,replay-attack,0.9998936727643013,client003
devel__attack__hand__attack_print_client003_session01_highdef_photo_controlled,1,devel,photo,hand,controlled,replay-attack,0.9976353347301483,client003
devel__attack__hand__attack_print_client005_session01_highdef_photo_adverse,1,devel,photo,hand,adverse,replay-attack,0.999817606061697,client005
devel__attack__hand__attack_print_client005_session01_highdef_photo_controlled,1,devel,photo,hand,controlled,replay-attack,0.9995314851403236,client005
devel__attack__hand__attack_print_client010_session01_highdef_photo_adverse,1,devel,photo,hand,adverse,replay-attack,0.9998886287212372,client010
devel__attack__hand__attack_print_client010_session01_highdef_photo_controlled,1,devel,photo,hand,controlled,replay-attack,0.9998281188309193,client010
devel__attack__hand__attack_print_client015_session01_highdef_photo_adverse,1,devel,photo,hand,adverse,replay-attack,0.9998216703534126,client015
devel__attack__hand__attack_print_client015_session01_highdef_photo_controlled,1,devel,photo,hand,controlled,replay-attack,0.9969068728387356,client015
devel__attack__hand__attack_print_client017_session01_highdef_photo_adverse,1,devel,photo,hand,adverse,replay-attack,0.9998731762170792,client017
devel__attack__hand__attack_print_client017_session01_highdef_photo_controlled,1,devel,photo,hand,controlled,replay-attack,0.9996172972023487,client017
devel__attack__hand__attack_print_client022_session01_highdef_photo_adverse,1,devel,photo,hand,adverse,replay-attack,0.9998522214591503,client022
devel__attack__hand__attack_print_client022_session01_highdef_photo_controlled,1,devel,photo,hand,controlled,replay-attack,0.9996324069797993,client022
devel__attack__hand__attack_print_client029_session01_highdef_photo_adverse,1,devel,photo,hand,adverse,replay-attack,0.9998602047562599,client029
devel__attack__hand__attack_print_client029_session01_highdef_photo_controlled,1,devel,photo,hand,controlled,replay-attack,0.9998088032007217,client029
devel__attack__hand__attack_print_client030_session01_highdef_photo_adverse,1,devel,photo,hand,adverse,replay-attack,0.9998347237706184,client030
devel__attack__hand__attack_print_client030_session01_highdef_photo_controlled,1,devel,photo,hand,controlled,replay-attack,0.999680895358324,client030
devel__attack__hand__attack_print_client101_session01_highdef_photo_adverse,1,devel,photo,hand,adverse,replay-attack,0.9996100515127182,client101
devel__attack__hand__attack_print_client101_session01_highdef_photo_controlled,1,devel,photo,hand,controlled,replay-attack,0.9996529445052147,client101
devel__attack__hand__attack_print_client111_session01_highdef_photo_adverse,1,devel,photo,hand,adverse,replay-attack,0.9989930912852287,client111
devel__attack__hand__attack_print_client111_session01_highdef_photo_controlled,1,devel,photo,hand,controlled,replay-attack,0.9996926821768284,client111
devel__attack__hand__attack_print_client113_session01_highdef_photo_adverse,1,devel,photo,hand,adverse,replay-attack,0.9996641911566257,client113
devel__attack__hand__attack_print_client113_session01_highdef_photo_controlled,1,devel,photo,hand,controlled,replay-attack,0.9996129907667637,client113
devel__attack__hand__attack_print_client114_session01_highdef_photo_adverse,1,devel,photo,hand,adverse,replay-attack,0.9999199062585831,client114
devel__attack__hand__attack_print_client114_session01_highdef_photo_controlled,1,devel,photo,hand,controlled,replay-attack,0.9998826161026955,client114
devel__attack__hand__attack_print_client116_session01_highdef_photo_adverse,1,devel,photo,hand,adverse,replay-attack,0.9997834712266922,client116
devel__attack__hand__attack_print_client116_session01_highdef_photo_controlled,1,devel,photo,hand,controlled,replay-attack,0.9997304230928421,client116
devel__attack__hand__attack_print_client118_session01_highdef_photo_adverse,1,devel,photo,hand,adverse,replay-attack,0.9995625205338001,client118
devel__attack__hand__attack_print_client118_session01_highdef_photo_controlled,1,devel,photo,hand,controlled,replay-attack,0.9991874173283577,client118
devel__attack__hand__attack_print_client119_session01_highdef_photo_adverse,1,devel,photo,hand,adverse,replay-attack,0.9997924044728279,client119
devel__attack__hand__attack_print_client119_session01_highdef_photo_controlled,1,devel,photo,hand,controlled,replay-attack,0.9995386935770512,client119
devel__real__real__client003_session01_webcam_authenticate_adverse_1,0,devel,real,real,adverse,replay-attack,0.001437732920749113,client003
devel__real__real__client003_session01_webcam_authenticate_adverse_2,0,devel,real,real,adverse,replay-attack,0.0015784260831424035,client003
devel__real__real__client003_session01_webcam_authenticate_controlled_1,0,devel,real,real,controlled,replay-attack,0.10223377344664186,client003
devel__real__real__client003_session01_webcam_authenticate_controlled_2,0,devel,real,real,controlled,replay-attack,0.022835981799289584,client003
devel__real__real__client005_session01_webcam_authenticate_adverse_1,0,devel,real,real,adverse,replay-attack,0.0014805245155002922,client005
devel__real__real__client005_session01_webcam_authenticate_adverse_2,0,devel,real,real,adverse,replay-attack,0.0009293404109484982,client005
devel__real__real__client005_session01_webcam_authenticate_controlled_1,0,devel,real,real,controlled,replay-attack,0.0039985453768167645,client005
devel__real__real__client005_session01_webcam_authenticate_controlled_2,0,devel,real,real,controlled,replay-attack,0.0032044711260823533,client005
devel__real__real__client010_session01_webcam_authenticate_adverse_1,0,devel,real,real,adverse,replay-attack,0.0019109952772851102,client010
devel__real__real__client010_session01_webcam_authenticate_adverse_2,0,devel,real,real,adverse,replay-attack,0.005392061895690858,client010
devel__real__real__client010_session01_webcam_authenticate_controlled_1,0,devel,real,real,controlled,replay-attack,0.006619117018999532,client010
devel__real__real__client010_session01_webcam_authenticate_controlled_2,0,devel,real,real,controlled,replay-attack,0.004751083564769942,client010
devel__real__real__client015_session01_webcam_authenticate_adverse_1,0,devel,real,real,adverse,replay-attack,0.0061360821418929845,client015
devel__real__real__client015_session01_webcam_authenticate_adverse_2,0,devel,real,real,adverse,replay-attack,0.005917603033594787,client015
devel__real__real__client015_session01_webcam_authenticate_controlled_1,0,devel,real,real,controlled,replay-attack,0.013568004796979949,client015
devel__real__real__client015_session01_webcam_authenticate_controlled_2,0,devel,real,real,controlled,replay-attack,0.007458005988155492,client015
devel__real__real__client017_session01_webcam_authenticate_adverse_1,0,devel,real,real,adverse,replay-attack,0.002584521542303264,client017
devel__real__real__client017_session01_webcam_authenticate_adverse_2,0,devel,real,real,adverse,replay-attack,0.00220494042878272,client017
devel__real__real__client017_session01_webcam_authenticate_controlled_1,0,devel,real,real,controlled,replay-attack,0.0015076041527208872,client017
devel__real__real__client017_session01_webcam_authenticate_controlled_2,0,devel,real,real,controlled,replay-attack,0.0014611481601605192,client017
devel__real__real__client022_session01_webcam_authenticate_adverse_1,0,devel,real,real,adverse,replay-attack,0.0011465180359664373,client022
devel__real__real__client022_session01_webcam_authenticate_adverse_2,0,devel,real,real,adverse,replay-attack,0.0015055632102303207,client022
devel__real__real__client022_session01_webcam_authenticate_controlled_1,0,devel,real,real,controlled,replay-attack,0.0015645803941879421,client022
devel__real__real__client022_session01_webcam_authenticate_controlled_2,0,devel,real,real,controlled,replay-attack,0.0015437822221429087,client022
devel__real__real__client029_session01_webcam_authenticate_adverse_1,0,devel,real,real,adverse,replay-attack,0.0017967948951991275,client029
devel__real__real__client029_session01_webcam_authenticate_adverse_2,0,devel,real,real,adverse,replay-attack,0.0014783079677727073,client029
devel__real__real__client029_session01_webcam_authenticate_controlled_1,0,devel,real,real,controlled,replay-attack,0.0005652424279105617,client029
devel__real__real__client029_session01_webcam_authenticate_controlled_2,0,devel,real,real,controlled,replay-attack,0.00057274669961771,client029
devel__real__real__client030_session01_webcam_authenticate_adverse_1,0,devel,real,real,adverse,replay-attack,0.05367822153493762,client030
devel__real__real__client030_session01_webcam_authenticate_adverse_2,0,devel,real,real,adverse,replay-attack,0.0160808035871014,client030
devel__real__real__client030_session01_webcam_authenticate_controlled_1,0,devel,real,real,controlled,replay-attack,0.0004118745982850669,client030
devel__real__real__client030_session01_webcam_authenticate_controlled_2,0,devel,real,real,controlled,replay-attack,0.0005185283152968623,client030
devel__real__real__client101_session01_webcam_authenticate_adverse_1,0,devel,real,real,adverse,replay-attack,0.0028038833697792143,client101
devel__real__real__client101_session01_webcam_authenticate_adverse_2,0,devel,real,real,adverse,replay-attack,0.0019262937566963956,client101
devel__real__real__client101_session01_webcam_authenticate_controlled_1,0,devel,real,real,controlled,replay-attack,0.0020588256156770512,client101
devel__real__real__client101_session01_webcam_authenticate_controlled_2,0,devel,real,real,controlled,replay-attack,0.005507040565134957,client101
devel__real__real__client111_session01_webcam_authenticate_adverse_1,0,devel,real,real,adverse,replay-attack,0.0006676204757241067,client111
devel__real__real__client111_session01_webcam_authenticate_adverse_2,0,devel,real,real,adverse,replay-attack,0.0008490193395118695,client111
devel__real__real__client111_session01_webcam_authenticate_controlled_1,0,devel,real,real,controlled,replay-attack,0.0010344144830014557,client111
devel__real__real__client111_session01_webcam_authenticate_controlled_2,0,devel,real,real,controlled,replay-attack,0.0011898855227627791,client111
devel__real__real__client113_session01_webcam_authenticate_adverse_1,0,devel,real,real,adverse,replay-attack,0.0018878960909205489,client113
devel__real__real__client113_session01_webcam_authenticate_adverse_2,0,devel,real,real,adverse,replay-attack,0.001217130535223987,client113
devel__real__real__client113_session01_webcam_authenticate_controlled_1,0,devel,real,real,controlled,replay-attack,0.0008170576838892885,client113
devel__real__real__client113_session01_webcam_authenticate_controlled_2,0,devel,real,real,controlled,replay-attack,0.0012012949227937497,client113
devel__real__real__client114_session01_webcam_authenticate_adverse_1,0,devel,real,real,adverse,replay-attack,0.002308115435880609,client114
devel__real__real__client114_session01_webcam_authenticate_adverse_2,0,devel,real,real,adverse,replay-attack,0.001210927963256836,client114
devel__real__real__client114_session01_webcam_authenticate_controlled_1,0,devel,real,real,controlled,replay-attack,0.0010317304404452443,client114
devel__real__real__client114_session01_webcam_authenticate_controlled_2,0,devel,real,real,controlled,replay-attack,0.0020423545356607065,client114
devel__real__real__client116_session01_webcam_authenticate_adverse_1,0,devel,real,real,adverse,replay-attack,0.0008623413705208804,client116
devel__real__real__client116_session01_webcam_authenticate_adverse_2,0,devel,real,real,adverse,replay-attack,0.0010871576887439005,client116
devel__real__real__client116_session01_webcam_authenticate_controlled_1,0,devel,real,real,controlled,replay-attack,0.0012017383924103342,client116
devel__real__real__client116_session01_webcam_authenticate_controlled_2,0,devel,real,real,controlled,replay-attack,0.001271063469175715,client116
devel__real__real__client118_session01_webcam_authenticate_adverse_1,0,devel,real,real,adverse,replay-attack,0.0008901116525521502,client118
devel__real__real__client118_session01_webcam_authenticate_adverse_2,0,devel,real,real,adverse,replay-attack,0.000994344023638405,client118
devel__real__real__client118_session01_webcam_authenticate_controlled_1,0,devel,real,real,controlled,replay-attack,0.0006614933372475207,client118
devel__real__real__client118_session01_webcam_authenticate_controlled_2,0,devel,real,real,controlled,replay-attack,0.0007218084720079787,client118
devel__real__real__client119_session01_webcam_authenticate_adverse_1,0,devel,real,real,adverse,replay-attack,0.003965860858443193,client119
devel__real__real__client119_session01_webcam_authenticate_adverse_2,0,devel,real,real,adverse,replay-attack,0.005814976524561644,client119
devel__real__real__client119_session01_webcam_authenticate_controlled_1,0,devel,real,real,controlled,replay-attack,0.005866134422831237,client119
devel__real__real__client119_session01_webcam_authenticate_controlled_2,0,devel,real,real,controlled,replay-attack,0.007086325262207538,client119
